{
    "mean": [
        83.54693322377999,
        134.73420963223677,
        171.51667857523003,
        0.3387658806244486,
        0.17743700688724692,
        17561.42728689242,
        496.7691946711126,
        285.0263322197839,
        360.5973424181125,
        730079.9171613413,
        1.2839913794365911,
        2478485.8726234245,
        12.55141826282063,
        0.9963258550909336,
        0.0,
        91.25013253224884,
        178.0,
        0.0,
        0.0,
        0.7280438239971726,
        0.17441244036048772,
        0.01069093479413324,
        0.08013783353949461,
        0.03843435235907404,
        0.015815515108676445,
        0.4823290333981269,
        0.1883725039759675,
        0.03772751369499912,
        0.0,
        0.5333981268775402,
        0.7563173705601697,
        0.07510160805796078,
        0.08004947870648524,
        0.5817282205336632,
        0.8475879130588443
    ],
    "scale": [
        35.3172966216336,
        121.7161321523835,
        161.2482550878576,
        0.3256245424293326,
        0.15321627860891837,
        72355.82429758093,
        162.73955217743617,
        54.87239887503268,
        131.91118185264952,
        2943018.153776485,
        0.757572662044807,
        5107973.820349851,
        16.74410309705999,
        0.024641037334324965,
        1.0,
        26.761267739661147,
        10.188157388887289,
        1.0,
        1.0,
        0.4449674306471391,
        0.3794637545378799,
        0.10284278636522302,
        0.27150646617553353,
        0.19224243266720661,
        0.12476131047132574,
        0.4996876393702114,
        0.39100933968613255,
        0.19053647526234188,
        1.0,
        0.49888331814266446,
        0.42930339568791115,
        0.2635552248108047,
        0.2713697839946546,
        0.4932752760563528,
        0.3594198696446908
    ],
    "feature_names_in": [
        "HR",
        "SDNN",
        "RMSSD",
        "pNN50",
        "CV_IBI",
        "PPG_Amp",
        "RiseTime",
        "FallTime",
        "Width",
        "Area",
        "SampEn",
        "TPR",
        "SNR",
        "MotionVM",
        "BMI",
        "Weight",
        "Height",
        "Smoker",
        "Obstructive sleep apnea",
        "Hyper-lipidaemia",
        "Hyper-glycaemia",
        "Impaired fasting glycaemia",
        "Hyper-thyroidism",
        "Adrenal gland hyper-function",
        "Heart failure with reduced ejection fraction",
        "Heart failure with preserved ejection fraction",
        "Coronary artery disease",
        "Chronic kidney disease",
        "Chronic obstructive pulmonary disease / bronchial asthma",
        "Metabolic syndrome diagnosed",
        "Arterial blood pressure >140/80 mmHg",
        "Triglyceride level >1.7 mmol/l",
        "High density lipoprotein cholesterol level < 0.9 mmol/l (male), < 1.2 mmol/l (female)",
        "Waistline >102 cm (male), >88 cm (female)",
        "Antihypertensive treatment"
    ]
}