{
  "model_type": "MSRF_Classifier",
  "n_states": 3,
  "mode": "confidence",
  "n_features": 26,
  "startprob": [
    0.5998409613005832,
    0.3132178830182011,
    0.08694115568121576
  ],
  "transmat": [
    [
      0.7391628934004665,
      0.18172193619890326,
      0.07911517040063029
    ],
    [
      0.2099866830594868,
      0.775113691694162,
      0.014899625246351071
    ],
    [
      0.021101251117666205,
      0.11544049919619843,
      0.8634582496861354
    ]
  ]
}